,2,3,5,7,10,20,30
2022-07-18,3.182850516341863,3.1799397238598224,3.1058668634630497,3.077866198602174,2.982729702567446,3.456290137920498,3.142473057058464
2022-07-19,3.244532592599783,3.2404355419325634,3.153297299975172,3.1163651334115134,3.02097238289476,3.4655531281450758,3.1553591402176213
2022-07-20,3.2347584920554646,3.22761098193476,3.1648055721492563,3.1291097119307767,3.023283279339834,3.4549216842541504,3.1414682859307224
2022-07-21,3.090195775919082,3.062578811259452,2.984270905795357,2.950257280412053,2.8734776718449533,3.3368676307914753,3.021265642272251
2022-07-22,2.9715368831891062,2.9229567176723066,2.8452955750270377,2.8165445642474274,2.7498384252839188,3.2496992614938285,2.9560422659293524
2022-07-25,3.016240567597741,2.975736566605133,2.882030318591211,2.855918886892681,2.7948831055449976,3.302315362513372,2.9934506663592604
2022-07-26,3.0571086750009355,3.014928481745361,2.8982757062983895,2.8697756847887446,2.8066854596191795,3.315192288639478,3.00830774125777
2022-07-27,2.9993461312778007,2.9592533366634566,2.8447321968541104,2.821122212842508,2.7845926008637187,3.3399717084879037,3.0458708071708838
2022-07-28,2.865215038586904,2.8084450983809686,2.6996328523374236,2.7061273683480835,2.672554242725073,3.279427026814345,2.9984297695111115
2022-07-29,2.8855593924288683,2.8125901179926487,2.6782838573257095,2.6883896103328278,2.6461878366544576,3.2611254964699117,2.9814529932345097
2022-08-01,2.8703333333333325,2.8000000000000003,2.6415,2.622316418357281,2.571408934484038,3.15366833005288,2.8715133333956935
2022-08-02,3.047218941961429,3.016906203411387,2.8619100559283632,2.823000000000001,2.7475502178419657,3.262053636105383,2.960277203948497
2022-08-03,3.063012386277116,3.0186659060006247,2.83389983414252,2.781444482112259,2.7052892758352534,3.206859124701785,2.8973217777412827
2022-08-04,3.038416980958067,2.9869076316496006,2.801618925308457,2.7476244485463437,2.690323874138016,3.204212977050123,2.9195786201996503
2022-08-05,3.234488689961908,3.177304385630818,2.968088617432958,2.90030718765969,2.832561358372853,3.325815017712444,3.0192388803579027
2022-08-08,3.199010152098877,3.1469075891483267,2.9278191023699813,2.835018139079274,2.757566621782379,3.2625887671475207,2.9332193928957713
2022-08-09,3.259596860732938,3.2123647707511447,2.9840219531664185,2.8658772527384846,2.781445548723733,3.276126035789922,2.937395110210524
2022-08-10,3.20505562564509,3.1590498880771345,2.9516897770317065,2.8438833703184505,2.778926211175651,3.321669656915228,2.979293135715327
2022-08-11,3.210714076706005,3.1853237341830054,3.0165522472781556,2.9255041393916414,2.8895745781334297,3.443089224784815,3.1601861171884478
2022-08-12,3.2335352870325664,3.194217237797694,2.9887998610275406,2.878800322270173,2.8345781211553063,3.376576098584064,3.111122437564906
2022-08-15,3.1678089825669553,3.125626197559532,2.9387195409088656,2.819845029598789,2.7894136375008074,3.3638894654054603,3.101911150009844
2022-08-16,3.2440000000000007,3.2123333333333335,2.9930000000000003,2.852967595434614,2.8052890298304174,3.350382199694728,3.0901034348982748
2022-08-17,3.2714137693777734,3.2894229458860735,3.0897025529472075,2.9419999999999997,2.9001367009271366,3.415363795099503,3.153405711096964
2022-08-18,3.2007754436611333,3.239830282111887,3.065926371822715,2.9217047500292734,2.883,3.383221964138066,3.1372551810772906
2022-08-19,3.2283066407293313,3.275617547027579,3.1295439987758913,3.00319421215235,2.97485214614262,3.47061144875653,3.2143481141209373
2022-08-22,3.301922387326308,3.367048571896102,3.1887594849271967,3.0566475283852075,3.0163678225714188,3.5047309032977547,3.226864797414072
2022-08-23,3.302164794975186,3.356207905163615,3.1937371227835927,3.0816059667294216,3.0470887952999877,3.5305809545581543,3.257
2022-08-24,3.3647254952858368,3.407402788579761,3.249684281793382,3.142104595543143,3.1060770879458595,3.5813952368800477,3.314153425958177
2022-08-25,3.3476304136575945,3.3707096698820442,3.1890889873230686,3.0847195969193124,3.0268474370208964,3.4923026696379327,3.2423602796845605
2022-08-26,3.3818073494976346,3.404422099092907,3.2403054642543205,3.122323506296648,3.0419446203969027,3.4646428900180726,3.194475013165876
2022-08-29,3.4060995679036745,3.4538256340427385,3.27529508795938,3.201273496973261,3.103033386528458,3.5301290402571603,3.242950932514425
2022-08-30,3.4297292105266646,3.47664911070861,3.2844803063705843,3.207266749808099,3.1017361878547733,3.524122879656934,3.2194821038243266
2022-08-31,3.4819041392872156,3.527426582366537,3.36741335178814,3.30676686066218,3.192463927024392,3.604561969970934,3.296022004794376
2022-09-01,3.502666666666666,3.5494999999999988,3.4104999999999994,3.3635477996770202,3.252700479555591,3.67587445271977,3.363754386664147
2022-09-02,3.389444858335944,3.4421149492310072,3.3036141049734136,3.276,3.18998152889939,3.6481766437260377,3.3489158657650164
2022-09-05,3.3908352073323424,3.4421734887769877,3.2998825930716467,3.2793937590028333,3.1895810682452908,3.649364683111803,3.3496765101302914
2022-09-06,3.5068365257243688,3.5815031597437574,3.4594149089374877,3.431857621213595,3.347746553020639,3.7952344936091578,3.5047034528386414
2022-09-07,3.4429621044096526,3.499233701618498,3.3661937446656625,3.353563774452356,3.261454690841917,3.699700351442685,3.4157349137128143
2022-09-08,3.527383750889721,3.575958206652749,3.429164810886028,3.4106023321466306,3.3155694061114964,3.7579441344842555,3.4797390410453817
2022-09-09,3.5888523173395965,3.6121280788212453,3.441638447401203,3.4089426908223475,3.3101126874387488,3.739752251117826,3.4522914819762
2022-09-12,3.6096557312812214,3.6048519617311108,3.456510621650295,3.4401633070138664,3.3566124298277633,3.7912189649207453,3.517889927449307
2022-09-13,3.7961429043703965,3.763945172326917,3.5834854114817776,3.526774076206357,3.4057133025886226,3.7841875043900686,3.494340979804477
2022-09-14,3.826553203680665,3.794713530949274,3.6065145465843047,3.5379779515818988,3.401186229477394,3.767707515394167,3.463936723454961
2022-09-15,3.9049126059164934,3.855726946018586,3.669387914835141,3.595366166985694,3.4466159914442067,3.7982613015743443,3.4746971226915777
2022-09-16,3.9,3.8290000000000006,3.6355724739094963,3.5718465710439906,3.4485631915475854,3.832849797903648,3.5215593045521416
2022-09-19,3.9560302386312083,3.8911195580875857,3.68980385142997,3.618194290426142,3.4865802905823013,3.840883807670379,3.5250448953658458
2022-09-20,3.986882677275994,3.935763730219646,3.756653071442804,3.69394794513498,3.5598684818501214,3.877154704024523,3.5795348226626906
2022-09-21,4.069495270182278,4.006358548250792,3.776346524599632,3.691198891661925,3.5277249813755325,3.8070776036307503,3.512324453271938
2022-09-22,4.161362413157729,4.139798189689508,3.9508278690043017,3.873505075101615,3.7083352680653645,3.9618888091437072,3.64946600773814
2022-09-23,4.2405008086298785,4.224753297864388,3.9913734390459874,3.874741199587515,3.683115848442378,3.943225749223037,3.6152514636217745
2022-09-26,4.364469573652798,4.410220509595386,4.2111187188855475,4.1135122070529935,3.917068331885483,4.111297275925883,3.745620981259141
2022-09-27,4.30566409861515,4.371263750868801,4.196496315249345,4.121631299965588,3.938323127385806,4.191644363713793,3.824619510035824
2022-09-28,4.156335126861974,4.162925080135587,3.95684073885274,3.8618688798300993,3.7235574652551233,4.051230931031108,3.6972033269094946
2022-09-29,4.210960749595331,4.215384523905562,4.025867816392136,3.9317962249762566,3.7795256860598,4.088351270775236,3.7241068616285875
2022-09-30,4.3007894624777725,4.287218263394467,4.10088259294885,3.9888497635528797,3.8230166647794785,4.144239770924442,3.7764222481002694
2022-10-03,4.133013610156002,4.113823138520466,3.8873840370117043,3.762840139308985,3.6350256335375697,4.0186887514561445,3.680512847825911
2022-10-04,4.116612148791951,4.094730909768226,3.8645454845556104,3.7488144037442614,3.6281804819943937,4.036767767210908,3.700344974371237
2022-10-05,4.172743134007122,4.1637597493416685,3.977915489878117,3.8696846024283573,3.748760014902516,4.1067770042062195,3.7550451854206583
2022-10-06,4.285121517513821,4.266319147178829,4.080590818251421,3.9587995983396844,3.817456970885136,4.140877189634541,3.7837588884973496
2022-10-07,4.339943765913401,4.338774990496967,4.155916444720133,4.021132685093516,3.8752865364827738,4.203172674303149,3.8418873974939944
2022-10-10,4.34793818809853,4.339278799525373,4.156142808323699,4.01479696452091,3.874831153784697,4.204773904171604,3.842052197812574
2022-10-11,4.345048237894136,4.339552534802557,4.188516082796543,4.063948988457564,3.942123985273768,4.285553895230939,3.917853079054968
2022-10-12,4.3357515053920626,4.310770432827734,4.135891315719763,4.010726747521295,3.889219654146096,4.242382275378058,3.8637102281294116
2022-10-13,4.506117582223006,4.44570330830551,4.2171167912644725,4.069788168305693,3.9385513156634184,4.297086401695615,3.901638364859674
2022-10-14,4.539275600924399,4.495101589473451,4.28453551963439,4.143948737652559,4.011477647629667,4.362805594017199,3.9767910579109387
2022-10-17,4.4753598986421546,4.437577070016496,4.248015631960328,4.1096989765101455,4.000676966198665,4.35758195981104,3.9974103488014325
2022-10-18,4.456149670532899,4.435857067812273,4.239525316694758,4.096671257872178,3.998683400498481,4.352596251664717,4.011069789957936
2022-10-19,4.585505381151692,4.569441098457413,4.3787030185139,4.230757340074356,4.127665292649335,4.459917722678252,4.105837592495641
2022-10-20,4.646731902931024,4.6558621569509056,4.464803145302219,4.320124032826602,4.22135320395578,4.543413378660873,4.203053346602615
2022-10-21,4.505051148529057,4.516776331410349,4.360245207891573,4.254410237728689,4.216187512529123,4.646552432273871,4.315201100976196
2022-10-24,4.529741850516706,4.530948546705549,4.383423093312169,4.266979572449332,4.2390363098264325,4.67402153203287,4.359438817981355
2022-10-25,4.482613872925968,4.465749036196897,4.276319507659116,4.131166679093898,4.097184122238717,4.54314360140819,4.23472846830056
2022-10-26,4.426074007382977,4.379674866011634,4.1856576243608234,4.047551061347072,4.000101435786985,4.431609867795015,4.118731140923933
2022-10-27,4.295827740301049,4.244411587830519,4.067314289597893,3.996151064283238,3.9126560345288404,4.384846343395157,4.0584263224590185
2022-10-28,4.4391895813098134,4.3638243983097915,4.190128109636065,4.118756053284301,4.008841257968159,4.465656615698529,4.114204932608608
2022-10-31,4.499006996432109,4.434149719212469,4.241707313833124,4.151911141542841,4.042147495574201,4.4742447191801755,4.128658889622091
2022-11-01,4.565000000000001,4.4885,4.282,4.171829696293767,4.036555425973457,4.425172305323356,4.054219683429806
2022-11-02,4.64067314982118,4.558941204672056,4.326325041952643,4.217,4.09524420497234,4.492350757018702,4.096706307812921
2022-11-03,4.734886781497582,4.631852782333547,4.38815977028015,4.266800685837427,4.139520712046956,4.521872174157658,4.1312368577604195
2022-11-04,4.678400732521554,4.578367677377928,4.3560695602577235,4.244312792373471,4.1528297213335845,4.569514608570205,4.1935740925825735
2022-11-07,4.744630315560988,4.638451977674551,4.422671083201616,4.285411816211711,4.208739872587116,4.628733547444716,4.257846173690263
2022-11-08,4.6748441659763875,4.554656011517106,4.330343198468215,4.18032715402723,4.118614083605358,4.560044837295233,4.229803983935932
2022-11-09,4.605207370469941,4.483381724552797,4.27893854103925,4.132771877350505,4.088554004671255,4.541190936101831,4.22698806317028
2022-11-10,4.351220080342689,4.180364374670922,3.9800444704296125,3.837854343906881,3.8149897639927968,4.304559239475537,4.023195615041141
2022-11-11,4.352032551051935,4.182188236712651,3.982761763608799,3.8317816098427087,3.8148646833321593,4.304861049767887,4.022796259745092
2022-11-14,4.419316063477814,4.228423149227138,4.038393505138487,3.861915138252007,3.85667258065528,4.326710296487724,4.041534746972807
2022-11-15,4.359560023591886,4.1383040601182,3.944914937930027,3.7683072620001923,3.7724330278219256,4.25910479593992,3.966045490798913
2022-11-16,4.370333333333334,4.139000000000001,3.903500000000001,3.6955241525466187,3.692206536606231,4.093997228613723,3.8440066789124314
2022-11-17,4.4584262045002365,4.220911659598797,3.9873314888981426,3.763,3.768127803578249,4.142707043749141,3.879440409969678
2022-11-18,4.539118893691801,4.302831921764426,4.054804619361954,3.8159825243500918,3.83,4.199347340558237,3.93104364980508
2022-11-21,4.558325926996142,4.318730772680983,4.058136444724142,3.805222611565599,3.829543760957521,4.17607781843284,3.9007344504514756
2022-11-22,4.539334083902792,4.286924868993012,4.007971588281771,3.7762487700510077,3.7568259976862524,4.101136662874982,3.826373767241897
2022-11-23,4.502402519950547,4.228204593561924,3.9444852775963746,3.7197524263751993,3.694640025276124,4.015190437875865,3.731
2022-11-24,4.501900089220218,4.226376010083117,3.9396858827278534,3.7279294217921044,3.694567910670281,4.015272381773011,3.7306677385728526
2022-11-25,4.475378826445737,4.1973118239000575,3.907714096305715,3.708996218746139,3.6813827257242284,4.001137996148357,3.736222048762261
2022-11-28,4.460234993723135,4.190532980080076,3.912323675316607,3.7510228963746206,3.6824346559070062,3.9957058601400006,3.721178393863881
2022-11-29,4.493688523293085,4.226556545560758,3.955985001875083,3.8173998956672417,3.745647520252506,4.063932383474496,3.8016399920914985
2022-11-30,4.325661780889378,4.0323372306087855,3.76658723538288,3.6581699073123968,3.6066992378481038,3.979261490479952,3.7354413193169913
2022-12-01,4.242333333333334,3.9465000000000003,3.6869999999999994,3.585533917115526,3.5081830046126052,3.851499251303163,3.5988353920583798
2022-12-02,4.284054792669083,3.9602668959001153,3.670574784993861,3.5879999999999996,3.487912913924618,3.814173027451715,3.5477269943324576
2022-12-05,4.38975981639707,4.096099790104978,3.7911217184797645,3.726410584162423,3.5746924504941417,3.856636424166897,3.5843673014801474
2022-12-06,4.367622078590415,4.089196767928947,3.7616276906077597,3.702133017291306,3.5315814672602523,3.8300057973775057,3.5408840783624216
2022-12-07,4.259655450844504,3.968973450553722,3.6320328313745613,3.5852027611142434,3.41686325256311,3.711138568441067,3.431191739325296
2022-12-08,4.314277665243584,4.0362905584323725,3.715758419426518,3.6712575268751286,3.4823719400149225,3.7306893875163394,3.42920398829401
2022-12-09,4.3514667170505925,4.079228051315182,3.7771885825659073,3.7535927804851412,3.581649579782421,3.854953271525409,3.5602331513740744
2022-12-12,4.385611409747301,4.11218325016884,3.7999113143641075,3.794955903023362,3.6128276228687755,3.85319085632744,3.573211650372384
2022-12-13,4.219196474413938,3.9535187561973917,3.6604508692742788,3.6698185317204093,3.502722605620703,3.7862814233673188,3.5351896471751325
2022-12-14,4.211366265562212,3.919971935884857,3.6242317237840918,3.6412498591137794,3.479938330729941,3.773779525563733,3.5328617708820467
2022-12-15,4.23565073657489,3.9506551260517764,3.6296722942943616,3.635232170749359,3.448615438571579,3.7281298070978948,3.4925310975484396
2022-12-16,4.173,3.9090000000000003,3.6398917081278412,3.668687884551245,3.4881193650363875,3.7811125995272246,3.540969070007633
2022-12-19,4.243433207984852,3.9918107828095506,3.731051673001319,3.769562146943416,3.5864534788849776,3.8679142381912692,3.631692098951503
2022-12-20,4.243848662708679,4.01046937310478,3.8086203048174476,3.8636264324558636,3.6860774816898147,3.981688631287219,3.7381795985228266
2022-12-21,4.202477753458605,3.979604640710138,3.7913316526972753,3.850600727397281,3.6646636402930457,3.945458734990754,3.7103111605483177
2022-12-22,4.2537795608273825,4.018566238783841,3.823592310223998,3.881297285911735,3.681334053916171,3.972375175182937,3.7337363191671322
2022-12-23,4.305016001884806,4.068561730161974,3.87729294844586,3.930691611402192,3.750218702358347,4.044902624506514,3.81555625087192
2022-12-26,4.298344963634871,4.06143550665481,3.880064173816841,3.93204796202017,3.7502960038331317,4.04576838969121,3.8146257792715175
2022-12-27,4.350842335342488,4.138976800401765,3.9628147862288445,4.0271051321587645,3.8448217218176755,4.144582524846331,3.920327402064988
2022-12-28,4.3640975715451535,4.146676569692318,3.981525217473016,4.068222346597285,3.886525765169325,4.1795973766962495,3.966396111667464
2022-12-29,4.3714672846632086,4.135030260938039,3.950885174929653,3.9182285369362817,3.819065798516363,4.114354881697931,3.8963474788130954
2022-12-30,4.433455505553116,4.187758912111607,4.0142684394652655,3.980231223834434,3.8790048276208187,4.186630022551125,3.9635391109008427
2023-01-02,4.433347039818414,4.1824510046307495,4.015292449874886,3.969000000000001,3.879122828573635,4.187263020935929,3.963563765054538
2023-01-03,4.376780463103226,4.111665338781985,3.9070340005607767,3.8343551339387694,3.7427182623432484,4.056446004514628,3.8293018432175883
2023-01-04,4.357614851468295,4.062005244084878,3.8526448437260323,3.7679573265036765,3.6889246214378217,4.000053755755642,3.788047634225244
2023-01-05,4.461538082150213,4.161666722935734,3.9237990992241527,3.820108878917256,3.723807003443106,4.006606365202286,3.780474652432063
2023-01-06,4.254664334289932,3.9346770356085026,3.709369873073686,3.618581015156932,3.565039010897751,3.8935267208893727,3.6763183111334503
2023-01-09,4.214528674916013,3.9040726254938654,3.683681884174666,3.5834558216000074,3.541420887225474,3.864680888318196,3.6483185199335235
2023-01-10,4.252914935349702,3.9539157701258096,3.739424341020251,3.653072599612041,3.62674519141054,3.9575851368787585,3.742002954656573
2023-01-11,4.224847253981694,3.9062138346737876,3.6657871333739984,3.5742405187245265,3.5458567358912534,3.8743934028352096,3.6607774581503647
2023-01-12,4.149723728094362,3.808946347543359,3.543237678861497,3.4592364893015897,3.4482208066194877,3.778656439724281,3.566247596613373
2023-01-13,4.233331265217534,3.8973611240904296,3.617770916776911,3.523016244163679,3.5089107942458084,3.8095629994782896,3.6020051464430485
2023-01-16,4.23,3.9010000000000002,3.617052785560175,3.5153435592486204,3.5090796649773988,3.810043750951125,3.601612964566459
2023-01-17,4.19310425638257,3.8825191792236775,3.623885884039115,3.5481243527975366,3.5536873353534175,3.8480539930269817,3.652435142054495
2023-01-18,4.06749113279962,3.731745882924856,3.438148014977526,3.354229753054147,3.3775395677822564,3.6905289769453815,3.52978876204031
2023-01-19,4.104701595781234,3.7706596263490124,3.4831283105114803,3.3829112568755857,3.397752622555547,3.7152384739112807,3.5502104032415254
2023-01-20,4.1500280620059495,3.829155378285892,3.562391177034079,3.465985850089379,3.4878861883539325,3.802831858617441,3.6409752256194876
2023-01-23,4.195905602163736,3.8934796872623894,3.6187202705949426,3.5062726830314177,3.5209716156692026,3.82596076183681,3.6629904823471637
2023-01-24,4.172820528905728,3.85585885941277,3.5726989961420106,3.455928323362016,3.461875773608215,3.7493286717668144,3.590076620875587
2023-01-25,4.147124518970502,3.825380401720687,3.5320134463316353,3.4335095975698446,3.452807353131724,3.7406538226418693,3.5806938402397233
2023-01-26,4.200073870741737,3.879495468937731,3.598527854114435,3.56474151724862,3.5094348789973604,3.7872681384662115,3.6218494200979476
2023-01-27,4.2175113663355335,3.8872537391180297,3.6151352201918305,3.580476025550907,3.5131183716979697,3.77212141654494,3.6077446269896303
2023-01-30,4.248330358044684,3.9262933956517436,3.6676096525716555,3.617180681377546,3.546273059950517,3.808898774390196,3.632527540992517
2023-01-31,4.205277133446075,3.8728875488777366,3.624256251234878,3.580531625788006,3.518152775576168,3.794089485042962,3.609819800706286
2023-02-01,4.113333333333332,3.761499999999999,3.5235000000000003,3.473334566023423,3.4275152120081915,3.713117922991069,3.5387251878090495
2023-02-02,4.11022669171066,3.747123671424469,3.497145663861352,3.444000000000001,3.4029055685747505,3.6887766244325384,3.509303609726179
2023-02-03,4.292515095299445,3.9283683168617767,3.6702283581688175,3.593085081015492,3.5337835254905348,3.782106717031569,3.5717460556998955
2023-02-06,4.477640460528987,4.115670632067433,3.846021577990462,3.728661800944738,3.650584006684,3.8527758289440444,3.6292963358112065
2023-02-07,4.470158888369048,4.104520281471153,3.8521683202367853,3.7456684394647124,3.682755737524843,3.897925437844811,3.663552716531263
2023-02-08,4.428615581915827,4.06864696763964,3.808992082280256,3.6844552263429913,3.5995461906586677,3.854164574641002,3.617518246774573
2023-02-09,4.483244505331782,4.136007523851738,3.8817980358436017,3.7463441780218094,3.663684272601836,3.91032476479642,3.729987093460347
2023-02-10,4.522378809504595,4.19121875016402,3.9476736603490097,3.8088357841348004,3.7410908730111374,3.9816850697544663,3.8097914847295296
2023-02-13,4.523540772412462,4.197508406096974,3.938963047196875,3.761178631843663,3.7044364748788765,3.9341819317146727,3.7683860451230453
2023-02-14,4.62536100276985,4.313874022885133,4.0220521470683,3.8229557463534927,3.747167804743581,3.942344382218943,3.7708579623954206
2023-02-15,4.641520979282088,4.345339636344216,4.060677610899339,3.8705353414093913,3.808777509083438,3.994426137888886,3.8389828022529855
2023-02-16,4.649333333333333,4.364333333333334,4.095000000000001,3.9154619125121157,3.864505294110248,4.077467113627192,3.9128466683410843
2023-02-17,4.622243117541624,4.316336905153664,4.042175963450866,3.866,3.8202583061397033,4.0340942494046255,3.8686027684582345
2023-02-20,4.614917399935925,4.316190710142824,4.042206525809464,3.851509821094119,3.819484863965889,4.0345,3.8697563468650116
2023-02-21,4.7173855830411835,4.431180981630923,4.186353765494487,4.000838568694891,3.954117422407753,4.150152462034034,3.9723614766215913
2023-02-22,4.705799770320451,4.418155161121489,4.158196439290397,3.9773180705626494,3.917803361880613,4.102740991823577,3.91475241732896
2023-02-23,4.707115488431653,4.40107274337586,4.12980015713502,3.9883393909430254,3.879463305475337,4.070413942244543,3.887
2023-02-24,4.8217905785218536,4.525708216265765,4.234084778669835,4.079070399635202,3.9451566320881906,4.14104507500734,3.932247206365753
2023-02-27,4.7833548675955955,4.486342671420966,4.180980170713473,4.050435017216409,3.913200323409547,4.1335659535396,3.927714048030511
2023-02-28,4.8252605389163215,4.508847917357794,4.195312923577375,4.071205294419056,3.919961685924613,4.136541531519859,3.91778781507119
2023-03-01,4.887333333333332,4.578,4.267555574565348,4.158551090670257,3.991025747286512,4.190552297955269,3.9559667368041915
2023-03-02,4.897061584967844,4.611237792733119,4.320499999999999,4.232000000000001,4.055132818640982,4.2494139401144935,3.9945611117742637
2023-03-03,4.87580076370435,4.581025575319268,4.251232776725224,4.147189416498076,3.950893659851399,4.134068027086098,3.8780116525362875
2023-03-06,4.907160747650068,4.5944381859987695,4.255009410499911,4.163592163618122,3.9561980039355844,4.151001906578464,3.894562535855445
2023-03-07,5.029256736805081,4.701909263823342,4.312620074317857,4.1920857401676415,3.961427316278971,4.136982271742655,3.873695012424927
2023-03-08,5.093807376154148,4.7628071420643225,4.349442618131589,4.224654896594452,3.9882672013470652,4.151151596332697,3.895580083562363
2023-03-09,4.894524181657677,4.565573415272639,4.190409561116228,4.09424270689593,3.9002775157934653,4.094076088201071,3.851882892278172
2023-03-10,4.616192180806672,4.333042250617534,3.9646666431657245,3.8933100252641295,3.6965841482414095,3.9335386687784846,3.71340567381077
2023-03-13,4.026546328135819,3.876803837259734,3.70398472208449,3.7096889429482793,3.5708628131866456,3.8959741551441502,3.7259258025963797
2023-03-14,4.295087825508739,4.104076350880409,3.856906323206538,3.842779758970545,3.6884586463160582,3.9771737014937423,3.8138105517847443
2023-03-15,3.934594483358666,3.7949884788339667,3.558711092766058,3.5703567082778536,3.455122519706236,3.8047808527218887,3.660620988647265
2023-03-16,4.204000000000001,4.004999999999999,3.7568842854583617,3.7088864107977804,3.57510702756888,3.8919494045925,3.714686135811526
2023-03-17,3.8708831939197554,3.716666522650627,3.530417221464015,3.5127971449339674,3.4254011557204542,3.822255369370364,3.642925423836152
2023-03-20,3.9954757559883243,3.8096890146889466,3.623786598766778,3.5826395141452845,3.480953814711151,3.877409765639413,3.6850072105201894
2023-03-21,4.184238049739723,3.9773268648486804,3.786497140444182,3.716973774105654,3.603353484733708,3.9475967724457415,3.745862027225456
2023-03-22,3.950515230383726,3.7171395069511726,3.54972816968815,3.5029655524056813,3.4290241092037412,3.8379231269859573,3.6666554733568573
2023-03-23,3.842194471995048,3.6188151404140045,3.4991000448495244,3.45791295170141,3.4215689409000873,3.8751048346491888,3.7170265860698013
2023-03-24,3.770541610956356,3.5725463969085354,3.4589752665353446,3.419544156045347,3.37208599315638,3.8065925776496368,3.6673694145042246
2023-03-27,3.9693893612605855,3.775167801582475,3.647333187987651,3.5846552775831846,3.5258274882462017,3.9333409722294164,3.784502995414787
2023-03-28,4.095535701239687,3.881430003352649,3.695738224770532,3.6709520455145865,3.563106029207096,3.949348473127442,3.7920191049179017
2023-03-29,4.1088874129549,3.8832571027058176,3.703027611360975,3.6316707257989953,3.559154630469704,3.939221009346152,3.7801566631876784
2023-03-30,4.129994226490908,3.887299350752373,3.703097030126436,3.626202401376937,3.542716138858174,3.90784650767875,3.7541268006047934
2023-03-31,4.028176144785474,3.77082554458356,3.595028673759863,3.5386519970153607,3.460764507144962,3.8251261055947126,3.6737726561995623
2023-04-03,3.9683676302655138,3.6983980560056056,3.5206243452695545,3.4687155244182644,3.405743708823066,3.7990789282042177,3.6583200788276145
2023-04-04,3.830861103100522,3.5791486835358506,3.4076164237996664,3.3734667751066247,3.3317477946657155,3.745893303508076,3.6311742173097876
2023-04-05,3.789864385594727,3.5528033344714123,3.392253479129709,3.3494003250349285,3.305203121344337,3.710957541990901,3.609881905949606
2023-04-06,3.840376262198845,3.578949822396902,3.395499055899161,3.3351536632360554,3.300380690399086,3.6964021990784026,3.5932873403777776
2023-04-07,3.9870439935817754,3.724330436699292,3.5174389195488502,3.444363043762134,3.3864226255076493,3.759651454108533,3.6535135143404416
2023-04-10,4.021867626398442,3.7527515263084106,3.539463734131293,3.4619333885652717,3.410979230987628,3.7737545413556255,3.6774364228119163
2023-04-11,4.032325711063132,3.762812504700168,3.550182217590827,3.4667474005252874,3.418081853480317,3.773578403795565,3.6682150176470687
2023-04-12,3.9736330724333877,3.6881768445359415,3.483878066616862,3.4160680187898973,3.3845670013274973,3.766803871776097,3.6730888075122783
2023-04-13,3.98212257654384,3.702502531803928,3.521391868030351,3.4636186306522436,3.4397425283221086,3.8196274105574433,3.736571841921101
2023-04-14,4.114493570928745,3.8321282507818064,3.626471660472264,3.5480209808352057,3.5078648017590406,3.876951747110275,3.7848142555739432
2023-04-17,4.215643032946205,3.9224822438154248,3.718624774043932,3.6372489682351175,3.592068102087394,3.9498887129477116,3.8631162643296673
2023-04-18,4.215026591926165,3.913296850522745,3.7018770760679804,3.6119855201848656,3.568694164427667,3.9255601871791566,3.836393990954882
2023-04-19,4.264232087267614,3.9543746099459205,3.723787218355253,3.6315342248121487,3.5815974661240544,3.935148500242767,3.838707095722196
2023-04-20,4.159877881303885,3.8587764975666685,3.6479804801410247,3.5688869239671575,3.5247375180284655,3.891823736702977,3.792999927614985
2023-04-21,4.203068382340503,3.893413218873686,3.6854850960341614,3.6061257159153195,3.5634882006734543,3.933966281660887,3.8349007490572937
2023-04-24,4.093193549647658,3.792639510098879,3.5917596669404506,3.512770149415566,3.482539137702109,3.8620887584403247,3.7824660283724
2023-04-25,3.9392653006043883,3.6468831570044156,3.47379798431756,3.4093793211318104,3.3914556054363953,3.796214038442335,3.732684750849997
2023-04-26,3.990532890486654,3.6915369078175986,3.5007514181395094,3.4570581959430924,3.4400212869851616,3.8395888356147174,3.78125564614441
2023-04-27,4.105882852139968,3.8031532685819616,3.6066439313938217,3.5706152858397076,3.512868205595013,3.901775715103985,3.8212058462516634
2023-04-28,4.037118273909178,3.712240497812819,3.4992498890593646,3.463323050100007,3.414573627511716,3.824730740100555,3.745775759157434
2023-05-01,4.165333333333334,3.8605000000000014,3.650291038111245,3.6075539167664252,3.5607141419124533,3.9512435055473607,3.8808893995431673
2023-05-02,3.9854802478976756,3.675950289127768,3.4690000000000003,3.4390000000000005,3.4176283913107945,3.839063114309658,3.7858195732201425
2023-05-03,3.827078851810601,3.4985005315931748,3.320780639833266,3.315360298201655,3.335366982018787,3.7869586064139074,3.7570468846645904
2023-05-04,3.8137146929181345,3.5085460871371197,3.352237059926056,3.3457563367255188,3.3766202315989857,3.830881050363523,3.81065858948081
2023-05-05,3.934520391435804,3.6336345587484677,3.4350159394981117,3.412010814428829,3.435307998177788,3.865023788724978,3.8328763738342904
2023-05-08,4.019489809314703,3.7120846902279547,3.519064137851754,3.4892128408784346,3.5050921933418677,3.936159002298933,3.907278365668934
2023-05-09,4.04148676096006,3.7059412841451174,3.5263661548016576,3.4959387499340533,3.516175291389774,3.9521130226695007,3.91175217062844
2023-05-10,3.931593117421104,3.5877525727918695,3.4169501206525417,3.4035600184884225,3.4340851262236987,3.8970731987503537,3.886812243183936
2023-05-11,3.9115603078430023,3.5757341095750896,3.3870237592721972,3.356893100860408,3.3873795835066933,3.8420839696327462,3.7420430483183322
2023-05-12,4.003408060298496,3.6681565625297607,3.4777302545104978,3.4487972568217797,3.466284821417449,3.9052098742214536,3.7959545635055836
2023-05-15,4.022287568124579,3.6836567677519274,3.499494709527775,3.4744626890818107,3.5051053695775236,3.9531927807951117,3.8481426599405704
2023-05-16,4.089,3.7555,3.556378902930527,3.517421254313059,3.5380917484770493,3.975184011317989,3.858576081170386
2023-05-17,4.159232389504041,3.827937317596752,3.614,3.561499999999999,3.5670430334675265,3.977204343365398,3.858959853418421
2023-05-18,4.255729025710176,3.9266236543743007,3.714578548605767,3.6521023457126445,3.6489999999999996,4.043529491155889,3.9075323181630597
2023-05-19,4.26585057798755,3.9600722266327035,3.7628719938544104,3.6972601502940585,3.6749161439539093,4.072014936784412,3.930909104173809
2023-05-22,4.312009668611029,3.9959946131377606,3.792187819774457,3.7289849095978687,3.717650280127977,4.107448679357372,3.9675187286449214
2023-05-23,4.305432092836309,3.9833926002963387,3.769418340609296,3.7003381292796367,3.694533725099104,4.095333773249723,3.948
2023-05-24,4.415872073632173,4.073689072439175,3.8330200803090877,3.763230308107709,3.7443344795143743,4.141384526700271,3.986502660483862
2023-05-25,4.566181215997702,4.222210558812272,3.957334595646323,3.86906280184476,3.819159248496925,4.1768154434613995,3.9948367220916494
2023-05-26,4.592214493705363,4.2481898462351095,3.9702839504407046,3.867984988207941,3.7992282650215627,4.151086602055107,3.960542235556381
2023-05-29,4.584661217282775,4.245739724826465,3.963962110277001,3.8684078629762637,3.798939237044023,4.1508398059782285,3.958980528908507
2023-05-30,4.46986172582979,4.118167553282703,3.83719246990223,3.7510877812221,3.6863495236391293,4.069342392113432,3.889375664775046
2023-05-31,4.41944548942892,4.04504671552702,3.783345095632389,3.7068453209858543,3.644466216515365,4.029763095702899,3.857916618252541
2023-06-01,4.352333333333332,3.978500000000001,3.723476910516288,3.650155283992375,3.596186054790804,3.980054569048627,3.8105524678913034
2023-06-02,4.510425804371031,4.131853349097959,3.8685,3.785,3.69137255170245,4.052783904540202,3.88422893426672
2023-06-05,4.476664443462072,4.099192386333459,3.84157965451751,3.761275933553915,3.6811192947767335,4.0484556576464374,3.8810377303349215
2023-06-06,4.489904178502235,4.09600651918955,3.832386997457889,3.7452322212159603,3.659602731108056,4.0156497390011525,3.838928884351532
2023-06-07,4.565288479071844,4.20487647281752,3.9613878342641997,3.88306033378119,3.7948653423960326,4.1330332731206925,3.9420907949907966
2023-06-08,4.531539378964756,4.145700438444709,3.8810759583878687,3.797252381794062,3.7176385296632777,4.062786673293101,3.8815644138775838
2023-06-09,4.610480240788239,4.2154324151610565,3.9362847474320746,3.8362918117021163,3.739839894993457,4.063756142095796,3.873903190792194
2023-06-12,4.593284074434471,4.1904754598863,3.91846472569391,3.823498304295356,3.7367878649558413,4.062885046317489,3.8709627366784973
2023-06-13,4.68304409923228,4.288519684340333,4.0149334363759035,3.9201241761365972,3.81373455738177,4.112764792194167,3.9094138408986012
2023-06-14,4.700148960352424,4.299380193387755,4.013738855235458,3.8992613338164936,3.7867527395146476,4.080110166730711,3.87072855777147
2023-06-15,4.659708352224238,4.246279377333963,3.9369714502315745,3.8179241033764146,3.716577265147669,4.027525252705959,3.826939700386384
2023-06-16,4.721,4.313,4.011111867998339,3.8784806317606817,3.763462646094154,4.0558487678049016,3.8400527809980125
2023-06-19,4.713723364860224,4.30599945935676,4.013478711277914,3.877950898445573,3.763190928089803,4.055425567294948,3.8379745402874526
2023-06-20,4.6839438407455685,4.2748372557058,3.98245398647256,3.847694677249578,3.721502229095333,4.00865883280912,3.7940311734414154
2023-06-21,4.707250070182144,4.282788407920015,3.983865186346165,3.847235407778411,3.7185744736404525,4.004624801167233,3.790094853073516
2023-06-22,4.778305110708251,4.360372203190361,4.07007581770367,3.926495538655659,3.7935132584691758,4.07677165727312,3.8521376713484483
2023-06-23,4.725859576770719,4.309699751681134,4.0170543667119185,3.874905944309859,3.7324983001938405,4.023444847265492,3.794195096443571
2023-06-26,4.710029965546259,4.287472413359535,3.9975332564397057,3.8558391219222887,3.718716969633783,4.0190734222324975,3.7946870474367858
2023-06-27,4.780724374499755,4.358019502169223,4.045866993747053,3.9084503957741816,3.7632372942608376,4.051992653560043,3.8211111682033874
2023-06-28,4.731822406177939,4.292243864560266,3.978456500460401,3.8309719648083154,3.7066708352069355,4.012859967417818,3.7839064590363702
2023-06-29,4.878875842606089,4.45031542900861,4.143424984993771,3.9858629218763997,3.836669800388564,4.118182311644283,3.8779737816034725
2023-06-30,4.9122321067195,4.4863924896546195,4.167148911934837,4.0008423637667025,3.8355347350430886,4.087285403257083,3.8398421956029054
2023-07-03,4.9473313149451865,4.525416003242552,4.1994394923487315,4.026053763985107,3.8524747905518475,4.091369163381034,3.8381851279561943
2023-07-04,4.946497920484736,4.5237445508380905,4.199272599300948,4.025103946554161,3.852369011244993,4.091376397097781,3.8372684905724417
2023-07-05,4.955221123351817,4.5557500114393505,4.259115215406935,4.0972303153536815,3.9283897842421402,4.165190729720975,3.8992309954953774
2023-07-06,4.994036151104091,4.621122380241282,4.359726707075218,4.201082433316361,4.024647925320852,4.25741244904139,3.9754368238425344
2023-07-07,4.961358369957449,4.6152867232135995,4.3727172682357915,4.229286781321488,4.06185659659041,4.294005024192667,4.018347995840482
2023-07-10,4.8772578691176935,4.4920525777900195,4.246938274283575,4.12329447186042,3.9900250164158706,4.26195381597765,4.002678675665591
2023-07-11,4.895662714553671,4.528314657827408,4.239720160241208,4.105460599473877,3.964095172116748,4.238134293496141,3.980908660039387
2023-07-12,4.765983222416388,4.375284225655628,4.081209329657604,3.965783183222152,3.853919451091269,4.162789123988263,3.9114704929379807
2023-07-13,4.653855783278375,4.241941710557601,3.9560938681097206,3.85479694762503,3.7617244523210838,4.101017951208908,3.862994620461998
2023-07-14,4.785831220026406,4.372695446443274,4.052531595336596,3.931608395963262,3.8293773932491315,4.1426702422426995,3.888413065470453
2023-07-17,4.755014586150356,4.3417604903256635,4.0228887982133426,3.903779878622084,3.806571138306063,4.130882930132493,3.886477815913291
2023-07-18,4.7777707439214865,4.351931308489822,4.010826071111436,3.8888235604314794,3.7826254955353744,4.103980150291834,3.846453426543267
2023-07-19,4.7753346967221715,4.342263525585478,3.988374199193483,3.8576662388229006,3.743665498603295,4.056136163428694,3.7854613275579574
2023-07-20,4.846402565338002,4.446918005168643,4.106674222314205,3.969587357169187,3.8461772585841367,4.133487153959973,3.854183575635332
2023-07-21,4.847111631718593,4.442488783097358,4.095633484288488,3.9520052014463105,3.8329340540766568,4.126982775731047,3.842690012443863
2023-07-24,4.9019972613967235,4.50940568888048,4.155100267315846,3.996662673805261,3.86667629590064,4.1484886496097335,3.864366851040268
2023-07-25,4.914544762981585,4.523402710572116,4.157723911124642,4.012528907370794,3.8793058620216723,4.158358348353906,3.8710360903607777
2023-07-26,4.887624457585267,4.4801626249146445,4.122693038837146,3.9825874255609466,3.862081391528507,4.155584166925257,3.8679716334842977
2023-07-27,4.959552997060896,4.574726483205012,4.247947814973686,4.139060575358456,3.995516255780658,4.270361797665095,3.979815456834496
2023-07-28,4.904564753433214,4.507587170712213,4.1844704885539095,4.082882482973172,3.945031651730712,4.235892753238133,3.952107141154012
2023-07-31,4.8963348406106,4.505175305846442,4.188209838618662,4.082971733460466,3.9552503332982285,4.2333336239025225,3.9396638739893692
2023-08-01,4.918000000000001,4.5489999999999995,4.229143688450604,4.125605817115653,4.019020870582704,4.318342462779169,4.042860106124387
2023-08-02,4.892657453070255,4.5326542905147855,4.2509999999999994,4.172000000000001,4.0747839900450185,4.386445956440781,4.116513375866694
2023-08-03,4.893470780435385,4.558488203735617,4.308979575284184,4.24842941706363,4.17107447495429,4.495507491649383,4.2417379351044975
2023-08-04,4.774505552302265,4.427991099027492,4.152586310055411,4.085790469378501,4.029879994138938,4.389690227439458,4.131151786461174
2023-08-07,4.770462361826296,4.441836851154352,4.188621826360442,4.125463424987618,4.087065259999034,4.447088335102944,4.206157451211208
2023-08-08,4.754196782834698,4.396371209344214,4.136496581079888,4.063086918212592,4.02090737377618,4.385047916899323,4.1183704724167765
2023-08-09,4.809572505387253,4.444223730324446,4.163953830082972,4.0701771705302034,4.0085806755980355,4.354118488412084,4.083292703888329
2023-08-10,4.84438564064941,4.515298501051102,4.2605443706522355,4.171177477074124,4.108551458599054,4.445106638378178,4.242055958714555
2023-08-11,4.89519391035063,4.580352617916881,4.334068648081198,4.2359860404640415,4.155471322410536,4.46534618981425,4.26202824839298
2023-08-14,4.963295705071321,4.649388905832924,4.396040328075951,4.279501855162989,4.193333377049013,4.488553598795105,4.289246997303159
2023-08-15,4.951824640140683,4.650779578132835,4.409303448471227,4.292749755733388,4.215171422116929,4.519604990607637,4.316340924061189
2023-08-16,4.966,4.671333333333333,4.44130403663345,4.327940368013057,4.252127882949676,4.557619391948526,4.352407929281132
2023-08-17,4.929004774946469,4.656125711039839,4.4445,4.3439999999999985,4.278108549235465,4.593722928339869,4.387534370690819
2023-08-18,4.939850618274116,4.653344569188438,4.424487387362902,4.318123473056878,4.256,4.583811993444957,4.376537692709358
2023-08-21,4.998925540078173,4.717950183823178,4.50922265602189,4.399908089402872,4.340675202267651,4.661092078735257,4.446791926996623
2023-08-22,5.041709744385779,4.758329007596529,4.52173828773742,4.397080127445717,4.326553061530234,4.6291483361706485,4.40090594199878
2023-08-23,4.963219570032092,4.657498641032735,4.4028453974062725,4.264211390097091,4.194460246898591,4.503259583884331,4.27
2023-08-24,5.01332099047198,4.701895104030763,4.448714393559426,4.307827097829893,4.237362241650371,4.5238635366422315,4.303187460292444
2023-08-25,5.067487633301249,4.7369273058138015,4.467731964026745,4.312297187675703,4.236095494061935,4.512528123239277,4.286347938605734
2023-08-28,5.028970904048452,4.689859124865682,4.4109223472901755,4.2782789461390545,4.203838984721956,4.499235904583795,4.278826056756895
2023-08-29,4.913651348369412,4.572795717824349,4.303962362187787,4.217969337308638,4.121967237647842,4.439400884243319,4.232215270974674
2023-08-30,4.8994180842326704,4.560227444883668,4.293453582788029,4.210636110053688,4.1148345486684565,4.435475240969876,4.228330780302083
2023-08-31,4.877741068221903,4.5378577530155555,4.275758818165968,4.203319517524502,4.107888733104145,4.425417357501284,4.214982390144064
2023-09-01,4.894333333333332,4.562999999999999,4.31774784311286,4.261394639811829,4.179027376015639,4.50212946928981,4.296264324019999
2023-09-04,4.89284665572471,4.55713419388215,4.313338595528244,4.265817821915563,4.178811535334285,4.502535604415537,4.296782172905203
2023-09-05,4.969178351301071,4.640742451553979,4.394289582059266,4.350066194016681,4.261671250233486,4.580809398037642,4.372995590838651
2023-09-06,5.0292175032638875,4.702344453457253,4.436058868574272,4.376859625250811,4.280587513151817,4.566866935828582,4.3563178996885705
2023-09-07,4.960455697154366,4.63181255078305,4.392454610493419,4.341376890778986,4.2455759604325465,4.548964913167157,4.344314140773019
2023-09-08,4.999192880823027,4.662098390457345,4.421355766434311,4.366589802599095,4.265701331615038,4.550317140380619,4.341931629961424
2023-09-11,4.996858454298036,4.670115164402748,4.432612284472846,4.386973506207098,4.290797217145677,4.584567889228296,4.376864414330988
2023-09-12,5.024381928152208,4.706462089946899,4.449036227275408,4.389113424275514,4.281684118616001,4.563168450963316,4.355842033933496
2023-09-13,4.973568597597908,4.650798119739449,4.404705294505923,4.349980750054573,4.24937870413755,4.548123613109329,4.347705236519953
2023-09-14,5.0120157980617925,4.691078448962747,4.441083477742771,4.386724801485655,4.287238829783369,4.585175628568033,4.385662942778041
2023-09-15,5.028472490637437,4.724689427389642,4.487879190845318,4.429462087396916,4.332632072987269,4.624139966586663,4.421923975290123
2023-09-18,5.045008313838956,4.724325746743873,4.474584641189018,4.407098108426902,4.301845325165851,4.587986019090037,4.38876930050074
2023-09-19,5.077928454463414,4.773022633223549,4.538382628179054,4.466319414772233,4.358484611324965,4.635650002841867,4.42951176774923
2023-09-20,5.160593074029033,4.854217583346168,4.611387804002179,4.528375952643069,4.407471725015888,4.663035181116978,4.4502481406905074
2023-09-21,5.124829863153342,4.848037752109095,4.652939706650862,4.590367623133183,4.494295465440206,4.793623790115034,4.577970175208931
2023-09-22,5.085937263925514,4.788983889770576,4.592770453892354,4.529640156292921,4.4341183957290164,4.7346510347811215,4.530627947997959
2023-09-25,5.091866589591373,4.813876010058512,4.652997597660024,4.606945362855123,4.534359617823697,4.856197524504155,4.65717095775384
2023-09-26,5.082878677928523,4.803042197499162,4.645476906550282,4.604983427986542,4.536262887239633,4.881228137783577,4.680769743336279
2023-09-27,5.149896842149247,4.874905420629441,4.707326751535127,4.687756324418328,4.606895678817823,4.938701979671534,4.724806782491761
2023-09-28,5.06547380648787,4.795456550119975,4.64039568669091,4.633308633120745,4.573229454251614,4.924497526142059,4.709596241690148
2023-09-29,5.047002324201563,4.776925084879915,4.628499066352672,4.6196038566345585,4.569622869748353,4.920823281452225,4.7074479121562245
2023-10-02,5.108329721497407,4.848972855732685,4.728,4.722000000000001,4.678252030712621,5.0173441861147765,4.79297476796317
2023-10-03,5.155498912129781,4.920469161432014,4.822567269480436,4.825646221282611,4.7963442765240245,5.141874685866206,4.925340053616163
2023-10-04,5.057471744652533,4.829855985496677,4.75018351878743,4.756404777109722,4.733186347204855,5.07854190367597,4.864845710404927
2023-10-05,5.025632126963231,4.787592930338143,4.712175746084006,4.723910249794146,4.720387170360351,5.100505449524538,4.900034853124965
2023-10-06,5.0848429414875405,4.8528860157892835,4.78484007626025,4.803822557278936,4.80268875651893,5.189047932422011,4.974604794289375
2023-10-09,5.085962167283457,4.85322725099667,4.788120905869655,4.7998836580861655,4.8026576345503225,5.189636367475861,4.975092547774592
2023-10-10,4.974078410958776,4.734640267760486,4.646148661556154,4.650710503654639,4.653883036871578,5.052595960450163,4.840384116110633
2023-10-11,4.988563923920408,4.736883132361173,4.608243713389411,4.582424273170203,4.558345688061565,4.917078503208699,4.703668311675988
2023-10-12,5.07285610492885,4.837593446085026,4.725077290060503,4.710068373465857,4.698619351262983,5.072589342488856,4.86194904188038
2023-10-13,5.059035519153267,4.812659119311753,4.671842352101356,4.635331215581011,4.6120581204809525,4.9824393823778195,4.764569449875316
2023-10-16,5.101999999999999,4.872999999999998,4.750818421239297,4.72007506222403,4.707767639793083,5.088137573616198,4.861565949336999
2023-10-17,5.210770670302376,5.01140578899714,4.907239785913602,4.868092097577836,4.835324782133029,5.171585556858288,4.935504084553912
2023-10-18,5.2231298780483035,5.053326353853494,4.970587554517926,4.9395427536503655,4.915759543448189,5.254035989252426,5.001867323878873
2023-10-19,5.160594647931956,5.02071175966037,4.997452393730827,4.991201715570454,4.991018976993393,5.360717985829721,5.114584373733905
2023-10-20,5.0684076989548865,4.92234030502565,4.900924287150088,4.898865652473398,4.917304102458062,5.307199735207728,5.075375500232007
2023-10-23,5.042755898440068,4.8723723532651375,4.841314754161187,4.836226066913446,4.851537343437253,5.222609447104904,5.008483545300306
2023-10-24,5.096365135845379,4.9193305950301855,4.860923830860586,4.8325910166593005,4.8255169158446165,5.173125358722412,4.948366048000224
2023-10-25,5.141571227075024,4.980826958887052,4.935608795695844,4.952531980778304,4.95717772245731,5.311333038734022,5.091432764883459
2023-10-26,5.0574678250367,4.8798178083752815,4.821280638883559,4.871081329544868,4.846087550466745,5.20728225274776,4.996993573367297
2023-10-27,5.018814961640562,4.837273786383373,4.787716318799983,4.847387771994159,4.837540353913027,5.228823029109345,5.0182465272228916
2023-10-30,5.063812912585372,4.888837896982696,4.848059824608726,4.901039738679911,4.895486252013979,5.2626250907059555,5.050716962462193
2023-10-31,5.096494120795311,4.916189631739087,4.878867864647323,4.937603170914647,4.933598950911804,5.3057371061653065,5.099489442506611
2023-11-01,4.953333333333332,4.7435,4.676689965783702,4.728937533903145,4.7363121373086,5.124875293494338,4.932243891466609
2023-11-02,4.998714719549624,4.771793108202587,4.659000000000001,4.679,4.659011110059241,5.010302866843219,4.803876508853305
2023-11-03,4.845865594267085,4.625048749615635,4.5266417781517845,4.558866252322892,4.572022568780834,4.962336966337345,4.7750446424622215
2023-11-06,4.938727785924932,4.712655739717089,4.616563670393814,4.63321224637646,4.644306691347994,5.010694818233895,4.812680465989315
2023-11-07,4.917134251450477,4.674546829901852,4.56523571077221,4.562999436298659,4.5666626255141125,4.927078407153935,4.72289184784797
2023-11-08,4.9339572633714885,4.682573429168785,4.535326098687803,4.509516193880405,4.479996722950186,4.833319227839097,4.627425070238003
2023-11-09,5.022405334623404,4.7926914068538204,4.669431457180584,4.652071146813965,4.627794454113172,4.983400923617746,4.759804574942088
2023-11-10,5.060792337905484,4.841478613639748,4.718520569930254,4.6889352776383975,4.654415719108443,4.994629370201484,4.767025332449941
2023-11-13,5.031761485705579,4.813360320089422,4.699913106739695,4.658406521294527,4.64198285243835,4.986079009721945,4.75896020362756
2023-11-14,4.827873820599163,4.60006940558182,4.475578381159182,4.4322873218340435,4.448860596492117,4.8372928767139785,4.624226715725232
2023-11-15,4.904422696763616,4.680734035235281,4.553601495653642,4.517540667036354,4.5325627408598965,4.9113893265928485,4.699066320657864
2023-11-16,4.8260000000000005,4.5936666666666675,4.4537817827443815,4.409362831972358,4.437376525448791,4.834580893685495,4.618014241221987
2023-11-17,4.875215843082004,4.627872524510194,4.478,4.42,4.436179682929102,4.818647494264231,4.591720221314799
2023-11-20,4.894488235575427,4.634205610307698,4.478387304720991,4.39584241626393,4.420635971667376,4.775999999999999,4.572994329619375
2023-11-21,4.8524684861114205,4.594809516936226,4.437046745688687,4.358148520426289,4.393464894177656,4.7531102703734325,4.549620547008394
2023-11-22,4.87735401680024,4.620036528166138,4.466422048427411,4.3813135180633695,4.405201238135618,4.752220177772004,4.539294042437176
2023-11-23,4.876056525719545,4.619247168700414,4.466238181965634,4.37832360615687,4.405003285266158,4.75234028039889,4.539
2023-11-24,4.921765204488403,4.665567378268536,4.522707907528704,4.435185648525802,4.46663936088728,4.817435890112827,4.598673788620864
2023-11-27,4.8527255757761685,4.598752784180722,4.425199764407211,4.347495384820048,4.385969691993734,4.747248919968754,4.536987911285451
2023-11-28,4.735008042820829,4.475535816350627,4.311360393262575,4.324548435050299,4.320019244111757,4.70586692905875,4.504460997785599
2023-11-29,4.64304969651041,4.385171161766973,4.239888762274371,4.262748607372622,4.254103016550324,4.639708657053605,4.436292005005524
2023-11-30,4.677752871022675,4.4350168725623735,4.295337522585019,4.3345380036222565,4.325102921962668,4.7014586385357084,4.493402956880304
2023-12-01,4.533333333333332,4.283999999999999,4.150565483941294,4.1970870412059975,4.194549473200901,4.581660024714471,4.386855989163578
2023-12-04,4.624675078828684,4.374805640056416,4.229086129438682,4.279347397309124,4.252033977138346,4.608135997719244,4.407252845350667
2023-12-05,4.56623753856147,4.309775397376707,4.157418071893912,4.19958695320377,4.163252466676315,4.495979533834268,4.295403132171534
2023-12-06,4.583733063341137,4.302386668869421,4.1235921637002715,4.1514340713604305,4.102602717635208,4.407047072310968,4.2120091745607
2023-12-07,4.583783874495784,4.3162504061565965,4.156191103277743,4.194375981939333,4.147678941682429,4.454395868306278,4.252427868027514
2023-12-08,4.707752721675589,4.432262807757561,4.2601594226188215,4.28731907897319,4.224492111704375,4.509197093432077,4.3004420356180155
2023-12-11,4.6916678236076566,4.435289738664129,4.26832693095616,4.299240878813684,4.231336653181008,4.527389079208673,4.323114790377052
2023-12-12,4.716425572536556,4.432267524430276,4.242769373967111,4.268556208488773,4.199943276076875,4.504401391682506,4.302960134700189
2023-12-13,4.4137040052707945,4.151010697158042,3.9943839969878003,4.043073246843288,4.0144619133776285,4.354031267652483,4.170427792797129
2023-12-14,4.373875856830545,4.096279766249421,3.927060323440753,3.967764951492573,3.9196847650514393,4.228937701665881,4.03005907884017
2023-12-15,4.424911139752412,4.122179697628483,3.933220529318328,3.9713619386607784,3.9088359269020803,4.215808868158849,4.002676675532745
2023-12-18,4.429019714988076,4.140486074775105,3.957235326081469,3.992688134081309,3.9304128020529037,4.245219440650399,4.036440296555951
2023-12-19,4.415507418390743,4.139215238004918,3.9634292037896808,3.9935822893600865,3.9299165188197547,4.24372368159965,4.030116712742496
2023-12-20,4.306794582042582,4.036590945495472,3.872742324123711,3.905558445932134,3.845384002952056,4.18258407520666,3.976563441423412
2023-12-21,4.319235919088283,4.052450526402402,3.90380678557307,3.938896484502756,3.886244061324618,4.224623458783418,4.021770095129558
2023-12-22,4.2910842397699875,4.030986090679773,3.904898317825625,3.9452454842440425,3.8938007411191107,4.2366480751273246,4.040043528370054
2023-12-25,4.280582074969216,4.027150909649422,3.908573551433133,3.9442400173546344,3.8935964931157945,4.237618355337975,4.038687170639582
2023-12-26,4.310706697728944,4.049755742090313,3.9200936592310396,3.950078529921066,3.8968301317386262,4.23248121409135,4.033044199689594
2023-12-27,4.244638581637853,3.9665579590541924,3.8071009894402748,3.8487065238789078,3.7928859145775116,4.133741442422782,3.9409760522208996
2023-12-28,4.276711295106229,4.007328190878033,3.853611518308089,3.864297910662939,3.842853517957847,4.173750771634087,3.9808259590411392
2023-12-29,4.23907703532668,3.990793593827507,3.859040429614295,3.890909758554065,3.8781038922367,4.219943610725929,4.0131417217231204
2024-01-01,4.236999999999998,3.9859999999999993,3.8604776253315523,3.884251697644691,3.8779423528681582,4.220852831205912,4.011496649745227
2024-01-02,4.309230902599843,4.063259283095072,3.9285,3.9370000000000007,3.9285722873519187,4.2567065822143855,4.057292742669642
2024-01-03,4.314138074347346,4.054940444255385,3.9181847009134514,3.921817289406395,3.9145808830214013,4.2477119451361105,4.056017380029213
2024-01-04,4.36911832042904,4.121320502751858,3.9921189226885323,3.996591054170205,3.9982430634559654,4.3293357684378435,4.137564742833877
2024-01-05,4.3677843371212886,4.136469154364406,4.0181797317065415,4.031274187299163,4.045379307457484,4.3775950506529195,4.186155930957115
2024-01-08,4.354454680107046,4.1123592725094795,4.003056297148434,4.004693202562095,4.02813797884542,4.357280994143547,4.174468853861635
2024-01-09,4.345112483196206,4.103229578591929,3.9841082643783143,3.980343755787552,4.011413046361792,4.348515272449449,4.167862060250494
2024-01-10,4.339944724833205,4.0999390803377835,3.987223484888416,3.987990945026985,4.026550942721561,4.368486451957188,4.1816567776402636
2024-01-11,4.227375587669596,3.9960337711374834,3.8943337710716768,3.907854461120063,3.965759992516625,4.325295759523951,4.150680685944607
2024-01-12,4.127499385193411,3.92420108797874,3.848598886848604,3.8669485216916586,3.9384452598516533,4.312094702140828,4.153103279630784
2024-01-15,4.126594964384806,3.9279909713368273,3.8505742196896655,3.8604727180128093,3.9382883806194457,4.312839120078993,4.15120185082453
2024-01-16,4.202,4.010000000000001,3.9538538435390045,3.971154381185595,4.05682747330656,4.435126098170118,4.273565063406527
2024-01-17,4.342301606361432,4.1397587900792026,4.042862910244609,4.043497796716181,4.102563037006742,4.4675083112863305,4.291800643733311
2024-01-18,4.331558418146044,4.143572932239965,4.064872585026944,4.071734021254964,4.140339336470296,4.51497432062115,4.343418730335005
2024-01-19,4.365315827918854,4.163343259271649,4.066536596244141,4.05854805846234,4.1221767893859695,4.478619079197644,4.309641878414458
2024-01-22,4.366573461922933,4.149559987517696,4.043819473375294,4.030199491776171,4.104221708288893,4.466539327683727,4.295804353775825
2024-01-23,4.343184921251764,4.144202656423152,4.055053245713165,4.049386099534407,4.129178639307782,4.495964382600473,4.342746824647312
2024-01-24,4.387620530587254,4.191906942454446,4.090607536436781,4.09303894109347,4.175793016628327,4.543425115318334,4.387819792613102
2024-01-25,4.296056623774377,4.10259605904155,4.009111890915113,4.084492262263968,4.117946725994168,4.496707950223704,4.349932589914791
2024-01-26,4.348247690308249,4.148244788015742,4.048641354104539,4.1175076399526125,4.135088143902858,4.50472336413743,4.34633946526091
2024-01-29,4.313334363384551,4.105567678669392,3.994482002185004,4.0483401733161255,4.073684325212513,4.4440254925892635,4.287401734739202
2024-01-30,4.327796810652512,4.114688717667595,3.9782744728335375,4.01545379081749,4.031693243105841,4.392045910250665,4.2144157726950535
2024-01-31,4.199127967725875,3.9740781404133845,3.846149594562563,3.883870305485951,3.9140570529561978,4.295313274054018,4.122832998428867
2024-02-01,4.195999999999999,3.9639999999999995,3.82218444735107,3.851724034662471,3.880292883280554,4.244725296455016,4.079349013993497
2024-02-02,4.358022045774379,4.13214021375758,3.992,4.005,4.0200435563462005,4.361128986629785,4.182880423844782
2024-02-05,4.4637674381433685,4.248979088457319,4.129032530931634,4.13300133318189,4.156540091807384,4.480694789426854,4.294919331900627
2024-02-06,4.393452236873071,4.177799545588007,4.055929414442483,4.063260823733216,4.097721336812245,4.431717895553166,4.262270742670626
2024-02-07,4.419738414756178,4.197543707636509,4.080265923678044,4.079144445059808,4.111770539365979,4.459673002136993,4.274063099906599
2024-02-08,4.445525265135847,4.235978171909092,4.127941537606178,4.119877043830204,4.1563277827154685,4.493859135649873,4.352751419685227
2024-02-09,4.470803086154188,4.25331402830312,4.146424215820969,4.133757089897997,4.177425021811568,4.511211061306806,4.36919326139308
2024-02-12,4.462376712074843,4.250579845989382,4.147804386137961,4.119310662143376,4.180924462733274,4.522677093971727,4.377144133755247
2024-02-13,4.653559184556366,4.444451131146839,4.321748809360144,4.274315289215696,4.315997995742411,4.622143268068386,4.459592133095748
2024-02-14,4.575551376070928,4.367335088375625,4.249186111339151,4.199483919690823,4.257729298201055,4.589110043177699,4.433244139747257
2024-02-15,4.568153345717767,4.338402048040311,4.2238608313518995,4.169349826955108,4.232635714173507,4.561234344124845,4.408508784429235
2024-02-16,4.630333333333333,4.404666666666667,4.284526157874723,4.221366197206561,4.281457433057805,4.595462034073419,4.435037625144451
2024-02-19,4.62695884171802,4.4057247868316,4.286207848830919,4.20596819374262,4.2807714735021944,4.595872538910474,4.435831384925638
2024-02-20,4.5962403931857665,4.374849817925556,4.263984082282557,4.187279162700002,4.275536504049978,4.602000000000002,4.448997110644468
2024-02-21,4.6454490333021985,4.42660984820894,4.314825573616713,4.230734593721044,4.319375714192519,4.61865857785727,4.478395612873499
2024-02-22,4.691961261052759,4.47502368375008,4.336182578035112,4.242621785085311,4.322117433652892,4.6022439065380665,4.456670641543368
2024-02-23,4.667925576632778,4.440942734440553,4.289801466576216,4.169872666359614,4.247904135172006,4.535825989090056,4.371
2024-02-26,4.695566937120737,4.478720741623545,4.31386223851227,4.191452167719481,4.278125371912567,4.554747089003902,4.396921084553666
2024-02-27,4.6920707055418465,4.479467001065998,4.326225043251352,4.307984179078989,4.302141115569595,4.58656484114322,4.4282739274627
2024-02-28,4.635423707187511,4.428704025710205,4.273797302058179,4.267834294504803,4.2628902231330645,4.564275374948799,4.407777642679954
2024-02-29,4.616333333333334,4.4094999999999995,4.258618402914215,4.264520088078148,4.248894102035457,4.540879298608522,4.3821179040900455
2024-03-01,4.532235567113032,4.317288997897022,4.1705000000000005,4.190000000000001,4.179853625137804,4.478068270023955,4.3305322065477565
2024-03-04,4.610477507196393,4.379484203606088,4.215452573544521,4.245452438809256,4.211001692850782,4.499647363418631,4.358022444515604
2024-03-05,4.5642128149610235,4.336190881005878,4.157795018388178,4.190396494761284,4.150203989972713,4.438020678768,4.2968602812217265
2024-03-06,4.562255203908037,4.3301559516253665,4.128825029041131,4.1525928584758605,4.101050477978819,4.374708743983271,4.245868977547656
2024-03-07,4.509818666846456,4.2727467881074395,4.089904482039538,4.1234506614591595,4.082033019026893,4.365854680826705,4.24962329389909
2024-03-08,4.4811455437321035,4.250395256967558,4.064121462624585,4.10903895238667,4.073136674359303,4.372567292705343,4.260482786305612
2024-03-11,4.535904870967739,4.28413547466766,4.103160132546744,4.157654252827844,4.0948288849155885,4.381986442122105,4.268042620280566
2024-03-12,4.57908045663355,4.337276942311044,4.163974909203445,4.226378474238499,4.148882556144074,4.435819659926443,4.321260900507108
2024-03-13,4.628230557393995,4.388583542441129,4.2148192394464985,4.271807057422778,4.186975758795187,4.468439930931676,4.349395576114894
2024-03-14,4.687499954086447,4.466245171628938,4.305715987971736,4.372975896508385,4.2869495663556,4.562162332717503,4.441139977754452
2024-03-15,4.716,4.507999999999999,4.346377183036953,4.403244623054364,4.302489251588725,4.5737694648565155,4.437928707661909
2024-03-18,4.721455097795868,4.515005624890931,4.362720812614003,4.433661405594517,4.320232573758391,4.5872041795328515,4.458876062838207
2024-03-19,4.671495468813863,4.465720891929331,4.322968240907584,4.399649897271084,4.289543668037627,4.571698920487065,4.451875778931678
2024-03-20,4.584726726134696,4.389183994243106,4.267332544215913,4.362226633193413,4.270112281697383,4.56969146990622,4.463164711691606
2024-03-21,4.6183911062096445,4.4075179146664265,4.278767370034464,4.368991088509173,4.263056904551438,4.550715864233163,4.446352913123538
2024-03-22,4.5658952780126745,4.345838789093818,4.206742386030413,4.298627625208446,4.194281501573556,4.4887844410349675,4.392975650975803
2024-03-25,4.599255582630065,4.385505858548113,4.2551932751450146,4.346455979831015,4.24030204177265,4.527891919150726,4.4314765972651795
2024-03-26,4.6015488685073995,4.37994034459338,4.2353040724808615,4.333532277812307,4.2281304366504795,4.518447379604207,4.414323609353294
2024-03-27,4.579065897619167,4.353009183477536,4.197371384170207,4.205816311062763,4.185069656880137,4.469570933009343,4.368563047109163
2024-03-28,4.627779689423033,4.4016547104650865,4.224232199580138,4.2200566927795995,4.195270628495142,4.473269808669209,4.362300190888096
2024-03-29,4.626869223091509,4.401726801450577,4.224635483482279,4.217427245553399,4.195112052896231,4.473499638326101,4.363018670412265
2024-04-01,4.708541240104252,4.499969108131798,4.333,4.320000000000001,4.304106196043708,4.573053140757745,4.469726017623406
2024-04-02,4.690550830515472,4.496250804595157,4.354784772683845,4.351730805763823,4.343561861104259,4.623532978082888,4.513773946673806
2024-04-03,4.672843104191073,4.478079871426734,4.340194767528111,4.340498673935317,4.34123910287262,4.630702363066103,4.525162007965803
2024-04-04,4.64583819945446,4.447755921276314,4.310367734660806,4.305788202001816,4.30356712297901,4.599348828078564,4.499170382423052
2024-04-05,4.7485280788332,4.5552312021474695,4.40822213559995,4.398883103343168,4.398308332808925,4.680958546978946,4.573972156597952
2024-04-08,4.789955057040516,4.595091158399622,4.4449391046640265,4.42125126970284,4.415248749976814,4.678690548355261,4.5720480302696656
2024-04-09,4.741209105196551,4.547905715411514,4.389037766990462,4.358561092005349,4.356325575086182,4.6178315506612835,4.521492259234107
2024-04-10,4.970098359144551,4.79954294140216,4.620255498828599,4.568693507853934,4.537657906784379,4.765762643658808,4.6427560609629115
2024-04-11,4.958543358637585,4.800195380314075,4.646596114045901,4.6062832538672005,4.5822614856772725,4.821434015289727,4.697593041123987
2024-04-12,4.89885429915485,4.731860106384509,4.573251209851685,4.53030037079113,4.515754076182562,4.770776002954834,4.654795846691876
2024-04-15,4.920999999999999,4.764,4.63481092523049,4.6008025845813805,4.594927624167783,4.859996949818886,4.738288924453759
2024-04-16,4.987174006224985,4.844507139172086,4.718001430279254,4.67354570754019,4.660434786118703,4.908325200058581,4.781483930390493
2024-04-17,4.928037872444933,4.7659434607958975,4.634645244056039,4.585077627146486,4.579528591271253,4.844509284816044,4.717858744665558
2024-04-18,4.9802275323346406,4.823388444306417,4.698279788604722,4.639639194663321,4.6255897464345335,4.8767713828658446,4.7493212721114535
2024-04-19,4.9818473376958,4.824369230542111,4.689248153532396,4.630749182953132,4.613702517531757,4.862829861718174,4.731280360456877
2024-04-22,4.963721690999399,4.804991155154333,4.6726516965709,4.611906824527195,4.60122991324492,4.864905131064248,4.735928861546886
2024-04-23,4.923150355264241,4.772136798883961,4.651517257343929,4.599152714468414,4.590864276562886,4.8671984442346545,4.754209134288707
2024-04-24,4.937560532208297,4.791165799021498,4.662249298223036,4.632895983263917,4.63450826032736,4.911169663115898,4.797574737786826
2024-04-25,5.006385082187192,4.858495871792303,4.733396751558736,4.726833692226573,4.693895390166579,4.955397985139576,4.836030895895544
2024-04-26,5.002398515054515,4.84144299722228,4.70181754619404,4.687186555681089,4.653579481178213,4.914631378867339,4.798556444023751
2024-04-29,4.982124385879551,4.8165540355515475,4.65943594705185,4.633921767701449,4.606031994934858,4.86589645087017,4.752941726317763
2024-04-30,5.042000000000001,4.8805000000000005,4.7300953014234075,4.706619633164016,4.6699113601385935,4.916962068048926,4.808046461990522
2024-05-01,4.965082149529202,4.810900996114576,4.662,4.641,4.616610272720544,4.8822230128141335,4.777031448157003
2024-05-02,4.880824658088419,4.720387317120466,4.583514739103745,4.576459062534177,4.571029321745629,4.848244639095487,4.751911077096378
2024-05-03,4.8234217174253216,4.651050965298138,4.511043679410753,4.499316190664309,4.4996849226925635,4.781234556915423,4.690873193872439
2024-05-06,4.83408732305626,4.649342694042771,4.5001664189478685,4.478741382310755,4.478214392058665,4.755802185637996,4.665720104088247
2024-05-07,4.832294406805078,4.639920457305116,4.483251984629023,4.452044711101771,4.447901104978436,4.7199919735080265,4.6306111640797365
2024-05-08,4.8384252710181865,4.655814059053299,4.512087722091802,4.484802869618982,4.488029063483733,4.758013579897694,4.6779591286669895
2024-05-09,4.815819480036755,4.625037839117368,4.482269626976311,4.448924120709304,4.455189489552341,4.727203476130981,4.606593476438186
2024-05-10,4.864432408265786,4.671803868534643,4.525720413906484,4.4934740326004015,4.497846734702305,4.76224250489912,4.64233136322954
2024-05-13,4.860579517118799,4.664990100957754,4.519841547880947,4.4804099917106175,4.487498448374704,4.7515412312224345,4.632007976072973
2024-05-14,4.8093086019047755,4.611529842762438,4.469179102840595,4.4287902704619295,4.440370103773407,4.711610893120804,4.587674615821651
2024-05-15,4.716499999999999,4.503000000000002,4.358630897061621,4.321310506972395,4.341259848006213,4.620593220063278,4.502802548754611
2024-05-16,4.786222321556961,4.57136281988082,4.413,4.360999999999999,4.376135748973242,4.6407141161496295,4.514363666073006
2024-05-17,4.817139549815909,4.609723339834788,4.457341398273212,4.409688843853321,4.421999999999999,4.687752125893654,4.560994216496984
2024-05-20,4.838121215120216,4.631011462088784,4.479833372442388,4.429767024959608,4.444615259173126,4.709,4.585601656046892
2024-05-21,4.82111718489747,4.600392150151144,4.443269307039292,4.398504472953655,4.412520859728308,4.677056399909168,4.55025108334284
2024-05-22,4.861692835708028,4.646438853956189,4.4716757621107375,4.418635687243104,4.423404720057922,4.65311472278113,4.539
2024-05-23,4.9249614077367605,4.713162439952038,4.538969758470307,4.478417386425772,4.477451586834773,4.69862676910416,4.581749047791805
2024-05-24,4.9341352814851955,4.715627729399367,4.535965978922576,4.477777475844856,4.465139407821151,4.683226438392346,4.570490383259187
2024-05-28,4.960295757802919,4.7624216029487165,4.596235944476206,4.555573823425092,4.550111428329777,4.776987662551495,4.664203987828529
2024-05-29,4.9786868090178436,4.791311075877188,4.646925473776861,4.627788209621138,4.613009021645636,4.842856099853681,4.732281906224781
2024-05-30,4.929324069230104,4.737996315028188,4.579918018983461,4.559373856590584,4.545621143871223,4.782545231767041,4.678272843060951
2024-05-31,4.876666666666665,4.677999999999999,4.517676294560911,4.507404613142096,4.498712097924397,4.744852900920552,4.646570950543573
2024-06-03,4.811546950819382,4.604153325377176,4.415226646477903,4.399538488844442,4.38710878248539,4.636696177937165,4.534673782215567
2024-06-04,4.7707955373279765,4.547756849874653,4.3534120263042055,4.332580093796414,4.32474559714402,4.575775853474955,4.4703829618363295
2024-06-05,4.7216232512916685,4.498282126697974,4.3018286983178875,4.2821332655605175,4.273837574223113,4.531517517816996,4.425474878315515
2024-06-06,4.724045493598632,4.499832892977566,4.308865299109583,4.29190656793111,4.286041874974504,4.540467162352332,4.429811512698775
2024-06-07,4.884978892999212,4.663307260530401,4.47091767955319,4.453466128025326,4.431566346189618,4.667164216821485,4.549599811022132
2024-06-10,4.8732558586747325,4.656208949005794,4.4924261360630675,4.477960542721298,4.465772276597784,4.710643082249259,4.59114428641672
2024-06-11,4.826263891695492,4.600244630558336,4.429246234735924,4.417211025860149,4.40315090582175,4.652397294679814,4.529024341596597
2024-06-12,4.744840368711956,4.500580251546699,4.327905573182795,4.314488529936835,4.315443749485051,4.58444491304734,4.4679762950902715
2024-06-13,4.685959736637831,4.437234095408586,4.257573098134548,4.240926900943627,4.2430542136549345,4.52135582712268,4.388679599072091
2024-06-14,4.690724325998812,4.442096015681594,4.252308605137498,4.222483295964638,4.220139996001065,4.4909851558125,4.3367845426512215
2024-06-17,4.74271734199048,4.502851184827413,4.319822868295988,4.285360290676801,4.280231966440447,4.54799687233185,4.39322118004264
2024-06-18,4.686016061237378,4.436976795663652,4.258838575227867,4.229818559666663,4.221865604973764,4.495463888842889,4.341869283748322
2024-06-19,4.683934243221606,4.436096145200985,4.2594120021952255,4.229949919956054,4.221781221926832,4.495720141862874,4.341184071396237
2024-06-20,4.708464408211608,4.466782830865591,4.292949837903187,4.265721874233722,4.258471960923429,4.529811032235368,4.382817071616192
2024-06-21,4.700813777513466,4.462270633055817,4.291126013181313,4.260463121896479,4.253705520095085,4.526710456128172,4.383614066497666
2024-06-24,4.689006831617162,4.448029752256436,4.274068389660114,4.239729458566721,4.230193964227028,4.496605549117177,4.350357176250881
2024-06-25,4.70579929435059,4.466528397608538,4.297090509183009,4.2556652675689595,4.245685559355501,4.508795177306402,4.363549967209971
2024-06-26,4.7515367863404085,4.525337706395709,4.353868041118848,4.3310484721839435,4.326821589908997,4.594707317820168,4.44949030652468
2024-06-27,4.713616353953336,4.488015899732301,4.30885297484091,4.279676071359474,4.283254886637229,4.555653704945251,4.411113308413469
2024-06-28,4.749451971439503,4.54637846419914,4.3875610872193676,4.3742029962151445,4.3938154488897805,4.68257133610961,4.546261558624945
2024-07-01,4.751015963653536,4.56922731798329,4.439,4.435,4.457712843097698,4.754395037825355,4.608823887460472
2024-07-02,4.736778803288009,4.54443428990136,4.409252831533556,4.40203654759183,4.429685996309021,4.736163836552748,4.589191774383645
2024-07-03,4.699235043344156,4.4859907180750245,4.3401431620222315,4.324262784341537,4.355658564314041,4.660558231776225,4.509795426587768
2024-07-04,4.699093396756509,4.486740755203268,4.341002717414386,4.324406632163553,4.355549034597826,4.660809484737157,4.509180391955851
2024-07-05,4.5986060204276145,4.390613430807385,4.242629275930689,4.230439232587653,4.274595796323765,4.604853123351245,4.459080535411084
2024-07-08,4.622394517623801,4.410024775705289,4.258906092100416,4.238586323040839,4.275916165989062,4.597259988792212,4.447913898192303
2024-07-09,4.619452747188747,4.404561281338941,4.262933225601093,4.251775184606893,4.2929605308186485,4.61575316330051,4.4686250882657275
2024-07-10,4.614168476958589,4.4004552045307435,4.25734311507674,4.242944813498765,4.281379304324987,4.605911542787705,4.4578110036314085
2024-07-11,4.507438715464034,4.293679058304808,4.163755905141906,4.157270109396536,4.207163361447097,4.541786759439722,4.395977904337536
2024-07-12,4.446543274112609,4.2373607415572,4.124716679135981,4.127347201438407,4.179799764196794,4.528181836880205,4.371302240334599
