,issue date,maturity date
912810ES3,1994-08-15,2024-11-15
912810ET1,1995-02-15,2025-02-15
912810EV6,1995-08-15,2025-08-15
912810EW4,1996-02-15,2026-02-15
912810EX2,1996-08-15,2026-08-15
912810EY0,1996-11-15,2026-11-15
912810EZ7,1997-02-18,2027-02-15
912810FA1,1997-08-15,2027-08-15
912810FB9,1998-02-17,2027-11-15
912810FE3,1998-08-17,2028-08-15
912810FF0,1998-11-16,2028-11-15
912810FG8,1999-02-16,2029-02-15
912810FJ2,1999-08-16,2029-08-15
912810FM5,2000-08-15,2030-05-15
912810FP8,2001-08-15,2031-02-15
912810FT0,2006-08-15,2036-02-15
912810PT9,2007-05-15,2037-02-15
912810PU6,2007-11-15,2037-05-15
912810PW2,2008-05-15,2038-02-15
912810PX0,2008-11-17,2038-05-15
912810QA9,2009-03-16,2039-02-15
912810QB7,2009-07-15,2039-05-15
912810QC5,2009-10-15,2039-08-15
912810QD3,2010-01-15,2039-11-15
912810QE1,2010-04-15,2040-02-15
912810QH4,2010-07-15,2040-05-15
912810QK7,2010-10-15,2040-08-15
912810QL5,2011-01-18,2040-11-15
912810QN1,2011-04-15,2041-02-15
912810QQ4,2011-07-15,2041-05-15
912810QS0,2011-10-17,2041-08-15
912810QT8,2012-01-17,2041-11-15
912810QU5,2012-04-16,2042-02-15
912810QW1,2012-07-16,2042-05-15
912810QX9,2012-10-15,2042-08-15
912810QY7,2013-01-15,2042-11-15
912810QZ4,2013-04-15,2043-02-15
912810RB6,2013-07-15,2043-05-15
912810RC4,2013-10-15,2043-08-15
912810RD2,2014-01-15,2043-11-15
912810RE0,2014-04-15,2044-02-15
912810RG5,2014-07-15,2044-05-15
912810RH3,2014-10-15,2044-08-15
912810RJ9,2015-01-15,2044-11-15
912810RK6,2015-04-15,2045-02-15
912810RM2,2015-07-15,2045-05-15
912810RN0,2015-10-15,2045-08-15
912810RP5,2016-01-15,2045-11-15
912810RQ3,2016-04-15,2046-02-15
912810RS9,2016-07-15,2046-05-15
912810RT7,2016-10-17,2046-08-15
912810RU4,2017-01-17,2046-11-15
912810RV2,2017-04-17,2047-02-15
912810RX8,2017-07-17,2047-05-15
912810RY6,2017-10-16,2047-08-15
912810RZ3,2018-01-16,2047-11-15
912810SA7,2018-04-16,2048-02-15
912810SC3,2018-07-16,2048-05-15
912810SD1,2018-10-15,2048-08-15
912810SE9,2019-01-15,2048-11-15
912810SF6,2019-04-15,2049-02-15
912810SH2,2019-07-15,2049-05-15
912810SJ8,2019-10-15,2049-08-15
912810SK5,2020-01-15,2049-11-15
912810SL3,2020-04-15,2050-02-15
912810SN9,2020-07-15,2050-05-15
912810SP4,2020-10-15,2050-08-15
912810SS8,2021-01-15,2050-11-15
912810SU3,2021-04-15,2051-02-15
912810SX7,2021-07-15,2051-05-15
912810SZ2,2021-10-15,2051-08-15
912810TB4,2022-01-18,2051-11-15
912810TD0,2022-04-18,2052-02-15
912810TG3,2022-07-15,2052-05-15
912810TJ7,2022-10-17,2052-08-15
912810TL2,2023-01-17,2052-11-15
912810TN8,2023-04-17,2053-02-15
912810TR9,2023-07-17,2053-05-15
912810TT5,2023-10-16,2053-08-15
912810TV0,2024-01-16,2053-11-15
912810TX6,2024-04-15,2054-02-15
912810UA4,2024-07-15,2054-05-15
912810SR0,2020-07-31,2040-05-15
912810SQ2,2020-11-02,2040-08-15
912810ST6,2021-02-01,2040-11-15
912810SW9,2021-04-30,2041-02-15
912810SY5,2021-08-02,2041-05-15
912810TA6,2021-11-01,2041-08-15
912810TC2,2022-01-31,2041-11-15
912810TF5,2022-05-02,2042-02-15
912810TH1,2022-08-01,2042-05-15
912810TK4,2022-10-31,2042-08-15
912810TM0,2023-01-31,2042-11-15
912810TQ1,2023-05-01,2043-02-15
912810TS7,2023-07-31,2043-05-15
912810TU2,2023-10-31,2043-08-15
912810TW8,2024-01-31,2043-11-15
912810TZ1,2024-04-30,2044-02-15
912810UB2,2024-07-31,2044-05-15
912828D56,2014-10-15,2024-08-15
912828G38,2015-01-15,2024-11-15
912828J27,2015-04-15,2025-02-15
912828XB1,2015-07-15,2025-05-15
912828K74,2015-10-15,2025-08-15
912828M56,2016-01-15,2025-11-15
912828P46,2016-04-15,2026-02-15
912828R36,2016-07-15,2026-05-15
9128282A7,2016-10-17,2026-08-15
912828U24,2017-01-17,2026-11-15
912828V98,2017-04-17,2027-02-15
912828X88,2017-07-17,2027-05-15
9128282R0,2017-10-16,2027-08-15
9128283F5,2018-01-16,2027-11-15
9128283W8,2018-04-16,2028-02-15
9128284N7,2018-07-16,2028-05-15
9128284V9,2018-10-15,2028-08-15
9128285M8,2019-01-15,2028-11-15
9128286B1,2019-04-15,2029-02-15
9128286T2,2019-07-15,2029-05-15
912828YB0,2019-10-15,2029-08-15
912828YS3,2020-01-15,2029-11-15
912828Z94,2020-04-15,2030-02-15
912828ZQ6,2020-07-15,2030-05-15
91282CAE1,2020-10-15,2030-08-15
91282CAV3,2021-01-15,2030-11-15
91282CBL4,2021-04-15,2031-02-15
91282CCB5,2021-07-15,2031-05-15
91282CCS8,2021-10-15,2031-08-15
91282CDJ7,2022-01-18,2031-11-15
91282CDY4,2022-04-18,2032-02-15
91282CEP2,2022-07-15,2032-05-15
91282CFF3,2022-10-17,2032-08-15
91282CFV8,2023-01-17,2032-11-15
91282CGM7,2023-04-17,2033-02-15
91282CHC8,2023-07-17,2033-05-15
91282CHT1,2023-10-16,2033-08-15
91282CJJ1,2024-01-16,2033-11-15
91282CJZ5,2024-04-15,2034-02-15
91282CKQ3,2024-07-15,2034-05-15
9128282N9,2017-07-31,2024-07-31
9128282U3,2017-08-31,2024-08-31
9128282Y5,2017-10-02,2024-09-30
9128283D0,2017-10-31,2024-10-31
9128283J7,2017-11-30,2024-11-30
9128283P3,2018-01-02,2024-12-31
9128283V0,2018-01-31,2025-01-31
9128283Z1,2018-02-28,2025-02-28
9128284F4,2018-04-02,2025-03-31
9128284M9,2018-04-30,2025-04-30
9128284R8,2018-05-31,2025-05-31
912828XZ8,2018-07-02,2025-06-30
912828Y79,2018-07-31,2025-07-31
9128284Z0,2018-08-31,2025-08-31
9128285C0,2018-10-01,2025-09-30
9128285J5,2018-10-31,2025-10-31
9128285N6,2018-11-30,2025-11-30
9128285T3,2018-12-31,2025-12-31
9128286A3,2019-01-31,2026-01-31
9128286F2,2019-02-28,2026-02-28
9128286L9,2019-04-01,2026-03-31
9128286S4,2019-04-30,2026-04-30
9128286X3,2019-05-31,2026-05-31
9128287B0,2019-07-01,2026-06-30
912828Y95,2019-07-31,2026-07-31
912828YD6,2019-09-03,2026-08-31
912828YG9,2019-09-30,2026-09-30
912828YQ7,2019-10-31,2026-10-31
912828YU8,2019-12-02,2026-11-30
912828YX2,2019-12-31,2026-12-31
912828Z78,2022-01-31,2027-01-31
912828ZB9,2020-03-02,2027-02-28
912828ZE3,2020-03-31,2027-03-31
912828ZN3,2020-04-30,2027-04-30
912828ZS2,2020-06-01,2027-05-31
912828ZV5,2020-06-30,2027-06-30
91282CAD3,2020-07-31,2027-07-31
91282CAH4,2020-08-31,2027-08-31
91282CAL5,2020-09-30,2027-09-30
91282CAU5,2020-11-02,2027-10-31
91282CAY7,2020-11-30,2027-11-30
91282CBB6,2020-12-31,2027-12-31
91282CBJ9,2021-02-01,2028-01-31
91282CBP5,2021-03-01,2028-02-29
91282CBS9,2021-03-31,2028-03-31
91282CBZ3,2021-04-30,2028-04-30
91282CCE9,2021-06-01,2028-05-31
91282CCH2,2021-06-30,2028-06-30
91282CCR0,2021-08-02,2028-07-31
91282CCV1,2021-08-31,2028-08-31
91282CCY5,2021-09-30,2028-09-30
91282CDF5,2021-11-01,2028-10-31
91282CDL2,2021-11-30,2028-11-30
91282CDP3,2021-12-31,2028-12-31
91282CDW8,2022-01-31,2029-01-31
91282CEB3,2022-02-28,2029-02-28
91282CEE7,2022-03-31,2029-03-31
91282CEM9,2022-05-02,2029-04-30
91282CES6,2022-05-31,2029-05-31
91282CEV9,2022-06-30,2029-06-30
91282CFC0,2022-08-01,2029-07-31
91282CFJ5,2022-08-31,2029-08-31
91282CFL0,2022-09-30,2029-09-30
91282CFT3,2022-10-31,2029-10-31
91282CFY2,2022-11-30,2029-11-30
91282CGB1,2023-01-03,2029-12-31
91282CGJ4,2023-01-31,2030-01-31
91282CGQ8,2023-02-28,2030-02-28
91282CGS4,2023-03-31,2030-03-31
91282CGZ8,2023-05-01,2030-04-30
91282CHF1,2023-05-31,2030-05-31
91282CHJ3,2023-06-30,2030-06-30
91282CHR5,2023-07-31,2030-07-31
91282CHW4,2023-08-31,2030-08-31
91282CHZ7,2023-10-02,2030-09-30
91282CJG7,2023-10-31,2030-10-31
91282CJM4,2023-11-30,2030-11-30
91282CJQ5,2024-01-02,2030-12-31
91282CJX0,2024-01-31,2031-01-31
91282CKC4,2024-02-29,2031-02-28
91282CKF7,2024-04-01,2031-03-31
91282CKN0,2024-04-30,2031-04-30
91282CKU4,2024-05-31,2031-05-31
91282CKW0,2024-07-01,2031-06-30
912828Y87,2019-07-31,2024-07-31
912828YE4,2019-09-03,2024-08-31
912828YH7,2019-09-30,2024-09-30
912828YM6,2019-10-31,2024-10-31
912828YV6,2019-12-02,2024-11-30
912828YY0,2019-12-31,2024-12-31
912828Z52,2020-01-31,2025-01-31
912828ZC7,2020-03-02,2025-02-28
912828ZF0,2020-03-31,2025-03-31
912828ZL7,2020-04-30,2025-04-30
912828ZT0,2020-06-01,2025-05-31
912828ZW3,2020-06-30,2025-06-30
91282CAB7,2020-07-31,2025-07-31
91282CAJ0,2020-08-31,2025-08-31
91282CAM3,2020-09-30,2025-09-30
91282CAT8,2020-11-02,2025-10-31
91282CAZ4,2020-11-30,2025-11-30
91282CBC4,2020-12-31,2025-12-31
91282CBH3,2021-02-01,2026-01-31
91282CBQ3,2021-03-01,2026-02-28
91282CBT7,2021-03-31,2026-03-31
91282CBW0,2021-04-30,2026-04-30
91282CCF6,2021-06-01,2026-05-31
91282CCJ8,2021-06-30,2026-06-30
91282CCP4,2021-08-02,2026-07-31
91282CCW9,2021-08-31,2026-08-31
91282CCZ2,2021-09-30,2026-09-30
91282CDG3,2021-11-01,2026-10-31
91282CDK4,2021-11-30,2026-11-30
91282CDQ1,2021-12-31,2026-12-31
91282CEC1,2022-02-28,2027-02-28
91282CEF4,2022-03-31,2027-03-31
91282CEN7,2022-05-02,2027-04-30
91282CET4,2022-05-31,2027-05-31
91282CEW7,2022-06-30,2027-06-30
91282CFB2,2022-08-01,2027-07-31
91282CFH9,2022-08-31,2027-08-31
91282CFM8,2022-09-30,2027-09-30
91282CFU0,2022-10-31,2027-10-31
91282CFZ9,2022-11-30,2027-11-30
91282CGC9,2023-01-03,2027-12-31
91282CGH8,2023-01-31,2028-01-31
91282CGP0,2023-02-28,2028-02-29
91282CGT2,2023-03-31,2028-03-31
91282CHA2,2023-05-01,2028-04-30
91282CHE4,2023-05-31,2028-05-31
91282CHK0,2023-06-30,2028-06-30
91282CHQ7,2023-07-31,2028-07-31
91282CHX2,2023-08-31,2028-08-31
91282CJA0,2023-10-02,2028-09-30
91282CJF9,2023-10-31,2028-10-31
91282CJN2,2023-11-30,2028-11-30
91282CJR3,2024-01-02,2028-12-31
91282CJW2,2024-01-31,2029-01-31
91282CKD2,2024-02-29,2029-02-28
91282CKG5,2024-04-01,2029-03-31
91282CKP5,2024-04-30,2029-04-30
91282CKT7,2024-05-31,2029-05-31
91282CKX8,2024-07-01,2029-06-30
91282CCL3,2021-07-15,2024-07-15
91282CCT6,2021-08-16,2024-08-15
91282CCX7,2021-09-15,2024-09-15
91282CDB4,2021-10-15,2024-10-15
91282CDH1,2021-11-15,2024-11-15
91282CDN8,2021-12-15,2024-12-15
91282CDS7,2022-01-18,2025-01-15
91282CDZ1,2022-02-15,2025-02-15
91282CED9,2022-03-15,2025-03-15
91282CEH0,2022-04-18,2025-04-15
91282CEQ0,2022-05-16,2025-05-15
91282CEU1,2022-06-15,2025-06-15
91282CEY3,2022-07-15,2025-07-15
91282CFE6,2022-08-15,2025-08-15
91282CFK2,2022-09-15,2025-09-15
91282CFP1,2022-10-17,2025-10-15
91282CFW6,2022-11-15,2025-11-15
91282CGA3,2022-12-15,2025-12-15
91282CGE5,2023-01-17,2026-01-15
91282CGL9,2023-02-15,2026-02-15
91282CGR6,2023-03-15,2026-03-15
91282CGV7,2023-04-17,2026-04-15
91282CHB0,2023-05-15,2026-05-15
91282CHH7,2023-06-15,2026-06-15
91282CHM6,2023-07-17,2026-07-15
91282CHU8,2023-08-15,2026-08-15
91282CHY0,2023-09-15,2026-09-15
91282CJC6,2023-10-16,2026-10-15
91282CJK8,2023-11-15,2026-11-15
91282CJP7,2023-12-15,2026-12-15
91282CJT9,2024-01-16,2027-01-15
91282CKA8,2024-02-15,2027-02-15
91282CKE0,2024-03-15,2027-03-15
91282CKJ9,2024-04-15,2027-04-15
91282CKR1,2024-05-15,2027-05-15
91282CKV2,2024-06-17,2027-06-15
91282CFA4,2022-08-01,2024-07-31
91282CFG1,2022-08-31,2024-08-31
91282CFN6,2022-09-30,2024-09-30
91282CFQ9,2022-10-31,2024-10-31
91282CFX4,2022-11-30,2024-11-30
91282CGD7,2023-01-03,2024-12-31
91282CGG0,2023-01-31,2025-01-31
91282CGN5,2023-02-28,2025-02-28
91282CGU9,2023-03-31,2025-03-31
91282CGX3,2023-05-01,2025-04-30
91282CHD6,2023-05-31,2025-05-31
91282CHL8,2023-06-30,2025-06-30
91282CHN4,2023-07-31,2025-07-31
91282CHV6,2023-08-31,2025-08-31
91282CJB8,2023-10-02,2025-09-30
91282CJE2,2023-10-31,2025-10-31
91282CJL6,2023-11-30,2025-11-30
91282CJS1,2024-01-02,2025-12-31
91282CJV4,2024-01-31,2026-01-31
91282CKB6,2024-02-29,2026-02-28
91282CKH3,2024-04-01,2026-03-31
91282CKK6,2024-04-30,2026-04-30
91282CKS9,2024-05-31,2026-05-31
91282CKY6,2024-07-01,2026-06-30
912803BD4,,
912803BE2,,
912803BF9,,
912803BG7,,
912803BH5,,
912803BJ1,,
912803BK8,,
912803BL6,,
912803BM4,,
912803BP7,,
912803BV4,,
912803BW2,,
912803CG6,,
912803CH4,,
912803CK7,,
912803CX9,,
912803CZ4,,
912803DA8,,
912803DC4,,
912803DD2,,
912803DF7,,
912803DG5,,
912803DH3,,
912803DJ9,,
912803DK6,,
912803DM2,,
912803DN0,,
912803DP5,,
912803DQ3,,
912803DS9,,
912803DT7,,
912803DU4,,
912803DV2,,
912803DX8,,
912803DY6,,
912803DZ3,,
912803EA7,,
912803EC3,,
912803ED1,,
912803EE9,,
912803EF6,,
912803EH2,,
912803EJ8,,
912803EK5,,
912803EL3,,
912803EN9,,
912803EP4,,
912803EQ2,,
912803ER0,,
912803ET6,,
912803EU3,,
912803EV1,,
912803EW9,,
912803EY5,,
912803EZ2,,
912803FA6,,
912803FB4,,
912803FD0,,
912803FE8,,
912803FF5,,
912803FG3,,
912803FJ7,,
912803FK4,,
912803FL2,,
912803FM0,,
912803FP3,,
912803FR9,,
912803FT5,,
912803FV0,,
912803FY4,,
912803GA5,,
912803GC1,,
912803GE7,,
912803GH0,,
912803GK3,,
912803GM9,,
912803GP2,,
912803GS6,,
912803GU1,,
912803GW7,,
912803GY3,,
912803HB2,,
912803FQ1,,
912803FS7,,
912803FU2,,
912803FW8,,
912803FZ1,,
912803GB3,,
912803GD9,,
912803GF4,,
912803GJ6,,
912803GL1,,
912803GN7,,
912803GQ0,,
912803GT4,,
912803GV9,,
912803GX5,,
912803GZ0,,
912803HC0,,
